<?xml version="1.0" encoding="windows-1252" standalone="no"?>
<!DOCTYPE log SYSTEM "logger.dtd">
<log>
<record>
  <date>2015-01-29T16:11:04</date>
  <millis>1422555064748</millis>
  <sequence>0</sequence>
  <logger>br.com.cea.ecommerce.util.LogUtil</logger>
  <level>INFO</level>
  <class>br.com.cea.ecommerce.util.LogUtil</class>
  <method>info</method>
  <thread>10</thread>
  <message>Processado iniciado em 2015-01-29 16:11:04</message>
</record>
<record>
  <date>2015-01-29T16:11:04</date>
  <millis>1422555064754</millis>
  <sequence>1</sequence>
  <logger>br.com.cea.ecommerce.util.LogUtil</logger>
  <level>INFO</level>
  <class>br.com.cea.ecommerce.util.LogUtil</class>
  <method>info</method>
  <thread>10</thread>
  <message>Encontrado(s) 2 arquivo(s).</message>
</record>
<record>
  <date>2015-01-29T16:11:04</date>
  <millis>1422555064780</millis>
  <sequence>2</sequence>
  <logger>br.com.cea.ecommerce.util.LogUtil</logger>
  <level>INFO</level>
  <class>br.com.cea.ecommerce.util.LogUtil</class>
  <method>info</method>
  <thread>10</thread>
  <message>Iniciando o processo do arquivo tocav012600.ret</message>
</record>
<record>
  <date>2015-01-29T16:11:04</date>
  <millis>1422555064788</millis>
  <sequence>3</sequence>
  <logger>br.com.cea.ecommerce.util.LogUtil</logger>
  <level>INFO</level>
  <class>br.com.cea.ecommerce.util.LogUtil</class>
  <method>info</method>
  <thread>10</thread>
  <message>Remover a transacao da loja 52814734</message>
</record>
<record>
  <date>2015-01-29T16:11:04</date>
  <millis>1422555064892</millis>
  <sequence>4</sequence>
  <logger>br.com.cea.ecommerce.util.LogUtil</logger>
  <level>INFO</level>
  <class>br.com.cea.ecommerce.util.LogUtil</class>
  <method>info</method>
  <thread>10</thread>
  <message>Quantidade de linhas encontradas 17259 no arquivo tocav012600.ret</message>
</record>
<record>
  <date>2015-01-29T16:11:04</date>
  <millis>1422555064895</millis>
  <sequence>5</sequence>
  <logger>br.com.cea.ecommerce.util.LogUtil</logger>
  <level>INFO</level>
  <class>br.com.cea.ecommerce.util.LogUtil</class>
  <method>info</method>
  <thread>10</thread>
  <message>Quantidade de linhas mantidas 17259 no arquivo tocav012600.ret</message>
</record>
<record>
  <date>2015-01-29T16:11:04</date>
  <millis>1422555064902</millis>
  <sequence>6</sequence>
  <logger>br.com.cea.ecommerce.util.LogUtil</logger>
  <level>INFO</level>
  <class>br.com.cea.ecommerce.util.LogUtil</class>
  <method>info</method>
  <thread>10</thread>
  <message>Quantidade de linhas removidas 0 no arquivo 2015_01_29_16_11_04__tocav012600.ret</message>
</record>
<record>
  <date>2015-01-29T16:11:04</date>
  <millis>1422555064910</millis>
  <sequence>7</sequence>
  <logger>br.com.cea.ecommerce.util.LogUtil</logger>
  <level>INFO</level>
  <class>br.com.cea.ecommerce.util.LogUtil</class>
  <method>info</method>
  <thread>10</thread>
  <message>Separado os dados do arquivo tocav012600.ret</message>
</record>
<record>
  <date>2015-01-29T16:11:04</date>
  <millis>1422555064937</millis>
  <sequence>8</sequence>
  <logger>br.com.cea.ecommerce.util.LogUtil</logger>
  <level>INFO</level>
  <class>br.com.cea.ecommerce.util.LogUtil</class>
  <method>info</method>
  <thread>10</thread>
  <message>Arquivo tranferido de: C:\work\cea\workspace\java\SplitSellByCardShop\app\work\in\store\tocav012600.ret</message>
</record>
<record>
  <date>2015-01-29T16:11:04</date>
  <millis>1422555064940</millis>
  <sequence>9</sequence>
  <logger>br.com.cea.ecommerce.util.LogUtil</logger>
  <level>INFO</level>
  <class>br.com.cea.ecommerce.util.LogUtil</class>
  <method>info</method>
  <thread>10</thread>
  <message>Arquivo tranferido para: C:\work\cea\workspace\java\SplitSellByCardShop\app\work\copy\2015_01_29_16_11_04_tocav012600.ret</message>
</record>
<record>
  <date>2015-01-29T16:11:04</date>
  <millis>1422555064950</millis>
  <sequence>10</sequence>
  <logger>br.com.cea.ecommerce.util.LogUtil</logger>
  <level>INFO</level>
  <class>br.com.cea.ecommerce.util.LogUtil</class>
  <method>info</method>
  <thread>10</thread>
  <message>Iniciando o processo do arquivo tocav012800.ret</message>
</record>
<record>
  <date>2015-01-29T16:11:04</date>
  <millis>1422555064957</millis>
  <sequence>11</sequence>
  <logger>br.com.cea.ecommerce.util.LogUtil</logger>
  <level>INFO</level>
  <class>br.com.cea.ecommerce.util.LogUtil</class>
  <method>info</method>
  <thread>10</thread>
  <message>Remover a transacao da loja 52814734</message>
</record>
<record>
  <date>2015-01-29T16:11:05</date>
  <millis>1422555065034</millis>
  <sequence>12</sequence>
  <logger>br.com.cea.ecommerce.util.LogUtil</logger>
  <level>INFO</level>
  <class>br.com.cea.ecommerce.util.LogUtil</class>
  <method>info</method>
  <thread>10</thread>
  <message>Quantidade de linhas encontradas 21780 no arquivo tocav012800.ret</message>
</record>
<record>
  <date>2015-01-29T16:11:05</date>
  <millis>1422555065037</millis>
  <sequence>13</sequence>
  <logger>br.com.cea.ecommerce.util.LogUtil</logger>
  <level>INFO</level>
  <class>br.com.cea.ecommerce.util.LogUtil</class>
  <method>info</method>
  <thread>10</thread>
  <message>Quantidade de linhas mantidas 21743 no arquivo tocav012800.ret</message>
</record>
<record>
  <date>2015-01-29T16:11:05</date>
  <millis>1422555065042</millis>
  <sequence>14</sequence>
  <logger>br.com.cea.ecommerce.util.LogUtil</logger>
  <level>INFO</level>
  <class>br.com.cea.ecommerce.util.LogUtil</class>
  <method>info</method>
  <thread>10</thread>
  <message>Quantidade de linhas removidas 37 no arquivo 2015_01_29_16_11_04__tocav012800.ret</message>
</record>
<record>
  <date>2015-01-29T16:11:05</date>
  <millis>1422555065052</millis>
  <sequence>15</sequence>
  <logger>br.com.cea.ecommerce.util.LogUtil</logger>
  <level>INFO</level>
  <class>br.com.cea.ecommerce.util.LogUtil</class>
  <method>info</method>
  <thread>10</thread>
  <message>Separado os dados do arquivo tocav012800.ret</message>
</record>
<record>
  <date>2015-01-29T16:11:05</date>
  <millis>1422555065084</millis>
  <sequence>16</sequence>
  <logger>br.com.cea.ecommerce.util.LogUtil</logger>
  <level>INFO</level>
  <class>br.com.cea.ecommerce.util.LogUtil</class>
  <method>info</method>
  <thread>10</thread>
  <message>Arquivo tranferido de: C:\work\cea\workspace\java\SplitSellByCardShop\app\work\in\store\tocav012800.ret</message>
</record>
<record>
  <date>2015-01-29T16:11:05</date>
  <millis>1422555065087</millis>
  <sequence>17</sequence>
  <logger>br.com.cea.ecommerce.util.LogUtil</logger>
  <level>INFO</level>
  <class>br.com.cea.ecommerce.util.LogUtil</class>
  <method>info</method>
  <thread>10</thread>
  <message>Arquivo tranferido para: C:\work\cea\workspace\java\SplitSellByCardShop\app\work\copy\2015_01_29_16_11_04_tocav012800.ret</message>
</record>
</log>
